<?xml version="1.0" encoding="utf-8"?>
<UserData xmlns:xsi="http://www.w3.org/2001/XMLSchema-instance" xmlns:xsd="http://www.w3.org/2001/XMLSchema" xmlns="http://xml.avaya.com/endpointAPI">
  <Application>
    <BypassPortLogic>false</BypassPortLogic>
    <BypassRecovery>false</BypassRecovery>
    <CultureName>en-US</CultureName>
    <LastTuningWizardVersionRun>0</LastTuningWizardVersionRun>
    <AutoLogin>false</AutoLogin>
    <StatsUpdateFreq>5000</StatsUpdateFreq>
    <AutoDiscoverDateTime>09/28/2020 18:17:33</AutoDiscoverDateTime>
    <TimeOutDeviceChangeNotification>10</TimeOutDeviceChangeNotification>
    <TimeOutNewDeviceNotification>60</TimeOutNewDeviceNotification>
    <TimeOutSmallSizedNotification>60</TimeOutSmallSizedNotification>
    <SignalProtocol>0</SignalProtocol>
    <RunWizard>false</RunWizard>
    <RunOneXCESWizard>false</RunOneXCESWizard>
  </Application>
  <Diagnostics>
    <EnableDiagnosticLogging>false</EnableDiagnosticLogging>
    <SelectedDiagnosticLoggingIssue />
    <LogLevel>ERROR</LogLevel>
    <SelectedCategories />
    <LogFileSize>2</LogFileSize>
    <APILogLevel>ERROR</APILogLevel>
    <APISelectedCategories />
    <AVCLogLevel>ERROR</AVCLogLevel>
    <AVCSelectedCategories />
  </Diagnostics>
  <Display>
    <DisplayCallAlerts>true</DisplayCallAlerts>
    <LineDisplayVisible>false</LineDisplayVisible>
    <MainWindowPosition>
      <Left>716</Left>
      <Top>457</Top>
      <Width>-1</Width>
      <Height>-1</Height>
    </MainWindowPosition>
    <ShowBalloonTip>true</ShowBalloonTip>
    <InboxHeight>195</InboxHeight>
    <InboxWidth>480</InboxWidth>
    <InboxDisplayMode>None</InboxDisplayMode>
  </Display>
  <Messaging>
    <MessageAccessMode>DialNumber</MessageAccessMode>
    <EnableMessageAccess>false</EnableMessageAccess>
    <MessageAccessNumber />
    <MessageAccessApplication />
    <MessageAccessWebPage />
  </Messaging>
  <Features>
    <PortalLogoffDelay>0</PortalLogoffDelay>
    <ContactLookupDelay>500</ContactLookupDelay>
    <EnableWipeToDial>true</EnableWipeToDial>
  </Features>
  <Dialpad>
    <FloatLocation_x>-1234</FloatLocation_x>
    <FloatLocation_y>-1234</FloatLocation_y>
    <DockPosition>BOTTOM</DockPosition>
    <Visible>false</Visible>
    <ExpandedFeaturesSize_width>469</ExpandedFeaturesSize_width>
    <ExpandedFeaturesSize_height>103</ExpandedFeaturesSize_height>
    <ExpandedFeaturesVisible>false</ExpandedFeaturesVisible>
  </Dialpad>
  <Conferencing>
    <FloatLocation_x>-1234</FloatLocation_x>
    <FloatLocation_y>-1234</FloatLocation_y>
    <DockPosition>FLOAT</DockPosition>
    <Visible>false</Visible>
    <ParticipantsListSize_width>0</ParticipantsListSize_width>
    <ParticipantsListSize_height>300</ParticipantsListSize_height>
  </Conferencing>
  <Audio>
    <MaxAGCComfortLevel>28000</MaxAGCComfortLevel>
    <MinAGCComfortLevel>4000</MinAGCComfortLevel>
    <AgcTargetSignalLevel>5600</AgcTargetSignalLevel>
    <MuteRinging>false</MuteRinging>
    <AlwaysUseLWMValue>false</AlwaysUseLWMValue>
  </Audio>
  <Video>
    <DisplayVideoOnLogin>true</DisplayVideoOnLogin>
    <WindowAlwaysOnTop>false</WindowAlwaysOnTop>
    <ShowFullScreenWarning>true</ShowFullScreenWarning>
    <StretchFullScreenVideo>false</StretchFullScreenVideo>
    <WindowPosition>
      <Left>-1</Left>
      <Top>-1</Top>
      <Width>-1</Width>
      <Height>-1</Height>
    </WindowPosition>
    <DisableScreenSaverOnVideoCall>false</DisableScreenSaverOnVideoCall>
    <EnableMultiMonitorChangePolling>true</EnableMultiMonitorChangePolling>
    <MultiMonitorChangePollingTickDuration>10</MultiMonitorChangePollingTickDuration>
  </Video>
  <InstantMessaging>
    <EnableLocalArchival>false</EnableLocalArchival>
    <EnableServerArchival>false</EnableServerArchival>
    <CurrentFontName>Arial</CurrentFontName>
    <CurrentFontStyle>Normal</CurrentFontStyle>
    <CurrentFontWeight>Normal</CurrentFontWeight>
    <CurrentFontSize>12</CurrentFontSize>
    <CurrentFontColor>Black</CurrentFontColor>
    <CurrentFontColorValue>#FF000000</CurrentFontColorValue>
    <EnableNumberParsing>true</EnableNumberParsing>
    <EnableLinkParsing>true</EnableLinkParsing>
    <MaxIdleTime>15</MaxIdleTime>
    <ArchivalDuration>30</ArchivalDuration>
  </InstantMessaging>
  <QualityOfService>
    <UserSpecifiedDSCPValueForAudio>46</UserSpecifiedDSCPValueForAudio>
    <UserSpecifiedLayer2PriorityValueForAudio>6</UserSpecifiedLayer2PriorityValueForAudio>
  </QualityOfService>
</UserData>